actor,filmography_page,error
Samuel L. Jackson,Samuel L. Jackson filmography,No movie rows parsed
Meryl Streep,Meryl Streep filmography,No movie rows parsed
Jennifer Aniston,Jennifer Aniston filmography,No movie rows parsed
Scarlett Johansson,Scarlett Johansson filmography,No movie rows parsed
Nicole Kidman,Nicole Kidman filmography,No movie rows parsed
Anne Hathaway,Anne Hathaway filmography,No movie rows parsed
Jennifer Lawrence,Jennifer Lawrence filmography,No movie rows parsed
George Clooney,George Clooney filmography,HTTP Error 429: Too many requests (f061ab2)
Ben Affleck,Ben Affleck filmography,HTTP Error 429: Too many requests (f061ab2)
Hugh Jackman,Hugh Jackman filmography,No movie rows parsed
Chris Hemsworth,Chris Hemsworth filmography,No movie rows parsed
Chris Evans,Chris Evans filmography,No movie rows parsed
Dwayne Johnson,Dwayne Johnson filmography,HTTP Error 429: Too many requests - please contact noc@wikimedia.org to discuss a less disruptive approach or instead use thumbnail images in sizes listed on https://w.wiki/GHai. (0c640b1)
Vin Diesel,Vin Diesel filmography,No movie rows parsed
Jason Statham,Jason Statham filmography,No movie rows parsed
Matthew McConaughey,Matthew McConaughey filmography,HTTP Error 429: Too many requests - please contact noc@wikimedia.org to discuss a less disruptive approach or instead use thumbnail images in sizes listed on https://w.wiki/GHai. (0c640b1)
Christian Bale,Christian Bale filmography,HTTP Error 429: Too many requests - please contact noc@wikimedia.org to discuss a less disruptive approach or instead use thumbnail images in sizes listed on https://w.wiki/GHai. (0c640b1)
Joaquin Phoenix,Joaquin Phoenix filmography,HTTP Error 429: Too many requests - please contact noc@wikimedia.org to discuss a less disruptive approach or instead use thumbnail images in sizes listed on https://w.wiki/GHai. (0c640b1)
Daniel Craig,Daniel Craig filmography,No movie rows parsed
Anthony Hopkins,Anthony Hopkins filmography,No movie rows parsed
Al Pacino,Al Pacino filmography,No movie rows parsed
Michael J. Fox,Michael J. Fox filmography,No movie rows parsed
Chris Pratt,Chris Pratt filmography,No movie rows parsed
Paul Rudd,Paul Rudd filmography,No movie rows parsed
Idris Elba,Idris Elba filmography,HTTP Error 429: Too many requests - please contact noc@wikimedia.org to discuss a less disruptive approach or instead use thumbnail images in sizes listed on https://w.wiki/GHai. (0c640b1)
Cillian Murphy,Cillian Murphy filmography,No movie rows parsed
Robert Pattinson,Robert Pattinson filmography,No movie rows parsed
Timothee Chalamet,Timothee Chalamet,No movie rows parsed
Chadwick Boseman,Chadwick Boseman filmography,No movie rows parsed
Cate Blanchett,Cate Blanchett filmography,No movie rows parsed
Charlize Theron,Charlize Theron filmography,HTTP Error 429: Too many requests - please contact noc@wikimedia.org to discuss a less disruptive approach or instead use thumbnail images in sizes listed on https://w.wiki/GHai. (0c640b1)
Reese Witherspoon,Reese Witherspoon filmography,HTTP Error 429: Too many requests - please contact noc@wikimedia.org to discuss a less disruptive approach or instead use thumbnail images in sizes listed on https://w.wiki/GHai. (0c640b1)
Emma Stone,Emma Stone filmography,No movie rows parsed
Natalie Portman,Natalie Portman filmography,HTTP Error 429: Too many requests - please contact noc@wikimedia.org to discuss a less disruptive approach or instead use thumbnail images in sizes listed on https://w.wiki/GHai. (0c640b1)
Kate Winslet,Kate Winslet filmography,No movie rows parsed
Keira Knightley,Keira Knightley filmography,No movie rows parsed
Penelope Cruz,Penelope Cruz filmography,No movie rows parsed
Amy Adams,Amy Adams filmography,No movie rows parsed
Viola Davis,Viola Davis filmography,No movie rows parsed
Whoopi Goldberg,Whoopi Goldberg filmography,No movie rows parsed
Jamie Lee Curtis,Jamie Lee Curtis filmography,No movie rows parsed
Sigourney Weaver,Sigourney Weaver filmography,No movie rows parsed
Jodie Foster,Jodie Foster filmography,HTTP Error 429: Too many requests - please contact noc@wikimedia.org to discuss a less disruptive approach or instead use thumbnail images in sizes listed on https://w.wiki/GHai. (0c640b1)
Michelle Pfeiffer,Michelle Pfeiffer filmography,No movie rows parsed
Glenn Close,Glenn Close filmography,No movie rows parsed
Diane Keaton,Diane Keaton filmography,No movie rows parsed
Kathy Bates,Kathy Bates filmography,HTTP Error 429: Too many requests - please contact noc@wikimedia.org to discuss a less disruptive approach or instead use thumbnail images in sizes listed on https://w.wiki/GHai. (0c640b1)
Uma Thurman,Uma Thurman,No movie rows parsed
Rachel McAdams,Rachel McAdams filmography,No movie rows parsed
Emma Watson,Emma Watson filmography,No movie rows parsed
Kristen Stewart,Kristen Stewart filmography,No movie rows parsed
Zoe Saldana,Zoe Saldana filmography,No movie rows parsed
Zendaya,Zendaya filmography,No movie rows parsed
Gal Gadot,Gal Gadot,HTTP Error 429: Too many requests - please contact noc@wikimedia.org to discuss a less disruptive approach or instead use thumbnail images in sizes listed on https://w.wiki/GHai. (0c640b1)
Anya Taylor-Joy,Anya Taylor-Joy filmography,No movie rows parsed
Jessica Chastain,Jessica Chastain filmography,No movie rows parsed
Brie Larson,Brie Larson filmography,No movie rows parsed
Lupita Nyong'o,Lupita Nyong'o,HTTP Error 429: Too many requests - please contact noc@wikimedia.org to discuss a less disruptive approach or instead use thumbnail images in sizes listed on https://w.wiki/GHai. (0c640b1)
Emily Blunt,Emily Blunt filmography,No movie rows parsed
